{
	"credit": "Made by Cr_L with Blockbench",
	"parent": "block/block",
	"ambientocclusion": false,
	"textures": {
		"particle": "quark:blocks/bookshelf_acacia",
		"side": "quark:blocks/bookshelf_acacia",
		"end": "blocks/planks_acacia"
	},
	"elements": [
		{
			"from": [0, 0, 0],
			"to": [16, 1, 16],
			"faces": {
				"north": {"uv": [0, 15, 16, 16], "texture": "#side", "cullface": "north"},
				"east": {"uv": [0, 15, 16, 16], "texture": "#side", "cullface": "east"},
				"south": {"uv": [0, 15, 16, 16], "texture": "#side", "cullface": "south"},
				"west": {"uv": [0, 15, 16, 16], "texture": "#side", "cullface": "west"},
				"up": {"uv": [0, 0, 16, 16], "texture": "#end"},
				"down": {"uv": [0, 0, 16, 16], "texture": "#end", "cullface": "down"}
			}
		},
		{
			"from": [0, 15, 0],
			"to": [16, 16, 16],
			"faces": {
				"north": {"uv": [0, 0, 16, 1], "texture": "#side", "cullface": "north"},
				"east": {"uv": [0, 0, 16, 1], "texture": "#side", "cullface": "east"},
				"south": {"uv": [0, 0, 16, 1], "texture": "#side", "cullface": "south"},
				"west": {"uv": [0, 0, 16, 1], "texture": "#side", "cullface": "west"},
				"up": {"uv": [0, 0, 16, 16], "texture": "#end", "cullface": "up"},
				"down": {"uv": [0, 0, 16, 16], "texture": "#end"}
			}
		},
		{
			"from": [-10.6, 1, 10.6],
			"to": [10.6, 15, 12],
			"rotation": {"angle": 45, "axis": "y", "origin": [0, 0, 0]},
			"faces": {
				"north": {"uv": [0, 1, 16, 15], "texture": "#end"},
				"south": {"uv": [0, 1, 16, 15], "texture": "#end"}
			}
		},
		{
			"from": [-0.7, 1, 0.7],
			"to": [0.7, 15, 21.9],
			"rotation": {"angle": 45, "axis": "y", "origin": [0, 0, 0]},
			"faces": {
				"east": {"uv": [0, 1, 16, 15], "texture": "#end"},
				"west": {"uv": [0, 1, 16, 15], "texture": "#end"}
			}
		},
		{
			"from": [4, 1, 4],
			"to": [12, 15, 12],
			"faces": {
				"north": {"uv": [3, 1, 13, 15], "texture": "#end", "cullface": "north"},
				"east": {"uv": [3, 1, 13, 15], "texture": "#end"},
				"south": {"uv": [3, 1, 13, 15], "texture": "#end"},
				"west": {"uv": [3, 1, 13, 15], "texture": "#end", "cullface": "west"}
			}
		},
		{
			"from": [7, 1, 0],
			"to": [9, 15, 16],
			"faces": {
				"north": {"uv": [7, 1, 9, 15], "texture": "#side", "cullface": "north"},
				"east": {"uv": [0, 1, 16, 15], "texture": "#end"},
				"south": {"uv": [7, 1, 9, 15], "texture": "#side", "cullface": "south"},
				"west": {"uv": [0, 1, 16, 15], "texture": "#end"}
			}
		},
		{
			"from": [0, 1, 0],
			"to": [1, 15, 1],
			"faces": {
				"north": {"uv": [15, 1, 16, 15], "texture": "#side", "cullface": "north"},
				"west": {"uv": [0, 1, 1, 15], "texture": "#side", "cullface": "west"}
			}
		},
		{
			"from": [15, 1, 0],
			"to": [16, 15, 1],
			"faces": {
				"north": {"uv": [0, 1, 1, 15], "texture": "#side", "cullface": "north"},
				"east": {"uv": [15, 1, 16, 15], "texture": "#side", "cullface": "east"}
			}
		},
		{
			"from": [0, 1, 15],
			"to": [1, 15, 16],
			"faces": {
				"south": {"uv": [0, 1, 1, 15], "texture": "#side", "cullface": "south"},
				"west": {"uv": [15, 1, 16, 15], "texture": "#side", "cullface": "west"}
			}
		},
		{
			"from": [15, 1, 15],
			"to": [16, 15, 16],
			"faces": {
				"east": {"uv": [0, 1, 1, 15], "texture": "#side", "cullface": "east"},
				"south": {"uv": [15, 1, 16, 15], "texture": "#side", "cullface": "south"}
			}
		},
		{
			"from": [0, 1, 7],
			"to": [16, 15, 9],
			"faces": {
				"north": {"uv": [0, 1, 16, 15], "texture": "#end"},
				"east": {"uv": [7, 1, 9, 15], "texture": "#side", "cullface": "east"},
				"south": {"uv": [0, 1, 16, 15], "texture": "#end"},
				"west": {"uv": [7, 1, 9, 15], "texture": "#side", "cullface": "west"}
			}
		},
		{
			"from": [9, 1, 0.5],
			"to": [11, 8, 15.5],
			"faces": {
				"north": {"uv": [5, 8, 7, 15], "texture": "#side", "cullface": "north"},
				"east": {"uv": [11, 8, 5, 15], "texture": "#side", "cullface": "north"},
				"south": {"uv": [9, 8, 11, 15], "texture": "#side", "cullface": "south"},
				"up": {"uv": [9, 10, 11, 14], "rotation": 180, "texture": "#side", "cullface": "south"}
			}
		},
		{
			"from": [5, 1, 0.5],
			"to": [7, 8, 15.5],
			"faces": {
				"north": {"uv": [9, 8, 11, 15], "texture": "#side", "cullface": "north"},
				"south": {"uv": [5, 8, 7, 15], "texture": "#side", "cullface": "south"},
				"west": {"uv": [11, 8, 5, 15], "texture": "#side", "cullface": "south"},
				"up": {"uv": [9, 10, 11, 14], "texture": "#side", "cullface": "north"}
			}
		},
		{
			"from": [13, 1, 0],
			"to": [15, 6, 2],
			"faces": {
				"north": {"uv": [1, 10, 3, 15], "texture": "#side", "cullface": "north"},
				"west": {"uv": [2, 10, 3, 15], "texture": "#side", "cullface": "north"},
				"up": {"uv": [1, 12, 3, 14], "rotation": 180, "texture": "#side", "cullface": "north"}
			}
		},
		{
			"from": [11, 1, 1],
			"to": [13, 8, 3.9],
			"faces": {
				"north": {"uv": [3, 8, 5, 15], "texture": "#side", "cullface": "north"},
				"east": {"uv": [3, 8, 4, 15], "texture": "#side", "cullface": "north"}
			}
		},
		{
			"from": [9, 8, 0],
			"to": [15, 10, 4],
			"faces": {
				"north": {"uv": [1, 6, 7, 7.9], "texture": "#side", "cullface": "north"},
				"up": {"uv": [1, 6, 7, 7], "rotation": 180, "texture": "#side", "cullface": "north"},
				"down": {"uv": [1, 7, 7, 8], "rotation": 180, "texture": "#side", "cullface": "north"}
			}
		},
		{
			"from": [9, 10, 1],
			"to": [11, 14, 4],
			"faces": {
				"north": {"uv": [5, 2, 7, 6], "texture": "#side", "cullface": "north"},
				"east": {"uv": [5, 2, 6, 6], "texture": "#side", "cullface": "north"},
				"up": {"uv": [5, 2, 7, 3], "rotation": 180, "texture": "#side", "cullface": "north"}
			}
		},
		{
			"from": [1, 1, 0.25],
			"to": [3, 10.1, 2],
			"faces": {
				"north": {"uv": [13, 6, 15, 15.1], "texture": "#side", "cullface": "north"},
				"up": {"uv": [13, 6, 15, 7], "rotation": 270, "texture": "#side", "cullface": "north"}
			}
		},
		{
			"from": [3, 1, 0],
			"to": [5, 11, 3.9],
			"faces": {
				"north": {"uv": [11, 5, 13, 15], "texture": "#side", "cullface": "north"},
				"east": {"uv": [11, 5, 11.9, 15], "texture": "#side", "cullface": "north"},
				"west": {"uv": [12, 5, 12.9, 15], "texture": "#side", "cullface": "north"},
				"up": {"uv": [11, 5, 13, 5.9], "rotation": 180, "texture": "#side", "cullface": "north"}
			}
		},
		{
			"from": [6, 14, 0],
			"to": [7, 15, 16],
			"faces": {
				"north": {"uv": [9, 1, 10, 2], "texture": "#side", "cullface": "north"},
				"south": {"uv": [6, 1, 7, 2], "texture": "#side", "cullface": "south"},
				"west": {"uv": [0, 0, 16, 1], "texture": "#side"},
				"down": {"uv": [0, 0, 1, 16], "texture": "#side"}
			}
		},
		{
			"from": [9, 14, 0],
			"to": [10, 15, 16],
			"faces": {
				"north": {"uv": [9, 1, 10, 2], "texture": "#side", "cullface": "north"},
				"east": {"uv": [0, 0, 16, 1], "texture": "#side"},
				"south": {"uv": [6, 1, 7, 2], "texture": "#side", "cullface": "south"},
				"down": {"uv": [0, 0, 1, 16], "texture": "#side"}
			}
		},
		{
			"from": [0, 14, 6],
			"to": [16, 15, 7],
			"faces": {
				"north": {"uv": [0, 0, 16, 1], "texture": "#side"},
				"east": {"uv": [6, 1, 7, 2], "texture": "#side", "cullface": "east"},
				"west": {"uv": [9, 1, 10, 2], "texture": "#side", "cullface": "west"},
				"down": {"uv": [0, 0, 1, 16], "rotation": 90, "texture": "#side"}
			}
		},
		{
			"from": [0, 14, 9],
			"to": [16, 15, 10],
			"faces": {
				"east": {"uv": [6, 1, 7, 2], "texture": "#side", "cullface": "east"},
				"south": {"uv": [0, 0, 16, 1], "texture": "#side"},
				"west": {"uv": [9, 1, 10, 2], "texture": "#side", "cullface": "west"},
				"down": {"uv": [0, 0, 1, 16], "rotation": 90, "texture": "#side"}
			}
		},
		{
			"from": [0, 8, 1],
			"to": [4, 10, 7],
			"faces": {
				"west": {"uv": [1, 6, 7, 7.9], "texture": "#side", "cullface": "west"},
				"up": {"uv": [1, 6, 7, 7], "rotation": 90, "texture": "#side", "cullface": "west"},
				"down": {"uv": [1, 7, 7, 8], "rotation": 270, "texture": "#side", "cullface": "west"}
			}
		},
		{
			"from": [1, 1, 3],
			"to": [3.9, 8, 5],
			"faces": {
				"north": {"uv": [3, 8, 4, 15], "texture": "#side", "cullface": "west"},
				"west": {"uv": [3, 8, 5, 15], "texture": "#side", "cullface": "west"}
			}
		},
		{
			"from": [0, 1, 1],
			"to": [2, 6, 3],
			"faces": {
				"south": {"uv": [2, 10, 3, 15], "texture": "#side", "cullface": "west"},
				"west": {"uv": [1, 10, 3, 15], "texture": "#side", "cullface": "west"},
				"up": {"uv": [1, 12, 3, 14], "rotation": 90, "texture": "#side", "cullface": "west"}
			}
		},
		{
			"from": [0.5, 1, 9],
			"to": [15.5, 8, 11],
			"faces": {
				"east": {"uv": [5, 8, 7, 15], "texture": "#side", "cullface": "east"},
				"south": {"uv": [11, 8, 5, 15], "texture": "#side", "cullface": "east"},
				"west": {"uv": [9, 8, 11, 15], "texture": "#side", "cullface": "west"},
				"up": {"uv": [9, 10, 11, 14], "rotation": 270, "texture": "#side", "cullface": "west"}
			}
		},
		{
			"from": [0, 1, 11],
			"to": [3.9, 11, 13],
			"faces": {
				"north": {"uv": [11, 5, 11.9, 15], "texture": "#side", "cullface": "west"},
				"south": {"uv": [12, 5, 12.9, 15], "texture": "#side", "cullface": "west"},
				"west": {"uv": [11, 5, 13, 15], "texture": "#side", "cullface": "west"},
				"up": {"uv": [11, 5, 13, 5.9], "rotation": 90, "texture": "#side", "cullface": "west"}
			}
		},
		{
			"from": [0.25, 1, 13],
			"to": [2, 10.1, 15],
			"faces": {
				"west": {"uv": [13, 6, 15, 15.1], "texture": "#side", "cullface": "west"},
				"up": {"uv": [13, 6, 15, 7], "rotation": 180, "texture": "#side", "cullface": "west"}
			}
		},
		{
			"from": [0.5, 1, 5],
			"to": [15.5, 8, 7],
			"faces": {
				"north": {"uv": [11, 8, 5, 15], "texture": "#side", "cullface": "west"},
				"east": {"uv": [9, 8, 11, 15], "texture": "#side", "cullface": "east"},
				"west": {"uv": [5, 8, 7, 15], "texture": "#side", "cullface": "west"},
				"up": {"uv": [9, 10, 11, 14], "rotation": 90, "texture": "#side", "cullface": "east"}
			}
		},
		{
			"from": [1, 10, 5],
			"to": [4, 14, 7],
			"faces": {
				"north": {"uv": [5, 2, 6, 6], "texture": "#side", "cullface": "west"},
				"west": {"uv": [5, 2, 7, 6], "texture": "#side", "cullface": "west"},
				"up": {"uv": [5, 2, 7, 3], "rotation": 90, "texture": "#side", "cullface": "west"}
			}
		},
		{
			"from": [3, 1, 12.1],
			"to": [5, 8, 15],
			"faces": {
				"south": {"uv": [3, 8, 5, 15], "texture": "#side", "cullface": "south"},
				"west": {"uv": [3, 8, 4, 15], "texture": "#side", "cullface": "south"}
			}
		},
		{
			"from": [1, 8, 12],
			"to": [7, 10, 16],
			"faces": {
				"south": {"uv": [1, 6, 7, 7.9], "texture": "#side", "cullface": "south"},
				"up": {"uv": [1, 6, 7, 7], "texture": "#side", "cullface": "south"},
				"down": {"uv": [1, 7, 7, 8], "texture": "#side", "cullface": "south"}
			}
		},
		{
			"from": [5, 10, 12],
			"to": [7, 14, 15],
			"faces": {
				"south": {"uv": [5, 2, 7, 6], "texture": "#side", "cullface": "south"},
				"west": {"uv": [5, 2, 6, 6], "texture": "#side", "cullface": "south"},
				"up": {"uv": [5, 2, 7, 3], "texture": "#side", "cullface": "south"}
			}
		},
		{
			"from": [11, 1, 12.1],
			"to": [13, 11, 16],
			"faces": {
				"east": {"uv": [12, 5, 12.9, 15], "texture": "#side", "cullface": "south"},
				"south": {"uv": [11, 5, 13, 15], "texture": "#side", "cullface": "south"},
				"west": {"uv": [11, 5, 11.9, 15], "texture": "#side", "cullface": "south"},
				"up": {"uv": [11, 5, 13, 5.9], "texture": "#side", "cullface": "south"}
			}
		},
		{
			"from": [13, 1, 14],
			"to": [15, 10.1, 15.75],
			"faces": {
				"south": {"uv": [13, 6, 15, 15.1], "texture": "#side", "cullface": "south"},
				"up": {"uv": [13, 6, 15, 7], "rotation": 90, "texture": "#side", "cullface": "south"}
			}
		},
		{
			"from": [1, 1, 14],
			"to": [3, 6, 16],
			"faces": {
				"east": {"uv": [2, 10, 3, 15], "texture": "#side", "cullface": "south"},
				"south": {"uv": [1, 10, 3, 15], "texture": "#side", "cullface": "south"},
				"up": {"uv": [1, 12, 3, 14], "texture": "#side", "cullface": "south"}
			}
		},
		{
			"from": [12.1, 1, 11],
			"to": [15, 8, 13],
			"faces": {
				"east": {"uv": [3, 8, 5, 15], "texture": "#side", "cullface": "east"},
				"south": {"uv": [3, 8, 4, 15], "texture": "#side", "cullface": "east"}
			}
		},
		{
			"from": [12, 8, 9],
			"to": [16, 10, 15],
			"faces": {
				"east": {"uv": [1, 6, 7, 7.9], "texture": "#side", "cullface": "east"},
				"up": {"uv": [1, 6, 7, 7], "rotation": 270, "texture": "#side", "cullface": "east"},
				"down": {"uv": [1, 7, 7, 8], "rotation": 90, "texture": "#side", "cullface": "east"}
			}
		},
		{
			"from": [12, 10, 9],
			"to": [15, 14, 11],
			"faces": {
				"east": {"uv": [5, 2, 7, 6], "texture": "#side", "cullface": "east"},
				"south": {"uv": [5, 2, 6, 6], "texture": "#side", "cullface": "east"},
				"up": {"uv": [5, 2, 7, 3], "rotation": 270, "texture": "#side", "cullface": "east"}
			}
		},
		{
			"from": [12.1, 1, 3],
			"to": [16, 11, 5],
			"faces": {
				"north": {"uv": [12, 5, 12.9, 15], "texture": "#side", "cullface": "east"},
				"east": {"uv": [11, 5, 13, 15], "texture": "#side", "cullface": "east"},
				"south": {"uv": [11, 5, 11.9, 15], "texture": "#side", "cullface": "east"},
				"up": {"uv": [11, 5, 13, 5.9], "rotation": 270, "texture": "#side", "cullface": "east"}
			}
		},
		{
			"from": [14, 1, 1],
			"to": [15.75, 10.1, 3],
			"faces": {
				"east": {"uv": [13, 6, 15, 15.1], "texture": "#side", "cullface": "east"},
				"up": {"uv": [13, 6, 15, 7], "texture": "#side", "cullface": "east"}
			}
		},
		{
			"from": [14, 1, 13],
			"to": [16, 6, 15],
			"faces": {
				"north": {"uv": [2, 10, 3, 15], "texture": "#side", "cullface": "east"},
				"east": {"uv": [1, 10, 3, 15], "texture": "#side", "cullface": "east"},
				"up": {"uv": [1, 12, 3, 14], "rotation": 270, "texture": "#side", "cullface": "east"}
			}
		},
		{
			"from": [0, 14, 0],
			"to": [2, 15, 2],
			"faces": {
				"north": {"uv": [14, 1, 16, 2], "texture": "#side", "cullface": "north"},
				"east": {"uv": [14, 1, 16, 2], "texture": "#side", "cullface": "north"},
				"south": {"uv": [0, 1, 2, 2], "texture": "#side", "cullface": "west"},
				"west": {"uv": [0, 1, 2, 2], "texture": "#side", "cullface": "west"},
				"down": {"uv": [7, 0, 9, 2], "texture": "#side"}
			}
		},
		{
			"from": [14, 14, 0],
			"to": [16, 15, 2],
			"faces": {
				"north": {"uv": [0, 1, 2, 2], "texture": "#side", "cullface": "north"},
				"east": {"uv": [14, 1, 16, 2], "texture": "#side", "cullface": "east"},
				"south": {"uv": [14, 1, 16, 2], "texture": "#side", "cullface": "east"},
				"west": {"uv": [0, 1, 2, 2], "texture": "#side", "cullface": "north"},
				"down": {"uv": [7, 0, 9, 2], "rotation": 270, "texture": "#side"}
			}
		},
		{
			"from": [14, 14, 14],
			"to": [16, 15, 16],
			"faces": {
				"north": {"uv": [0, 1, 2, 2], "texture": "#side", "cullface": "north"},
				"east": {"uv": [0, 1, 2, 2], "texture": "#side", "cullface": "north"},
				"south": {"uv": [14, 1, 16, 2], "texture": "#side", "cullface": "south"},
				"west": {"uv": [14, 1, 16, 2], "texture": "#side", "cullface": "south"},
				"down": {"uv": [7, 0, 9, 2], "rotation": 180, "texture": "#side"}
			}
		},
		{
			"from": [0, 14, 14],
			"to": [2, 15, 16],
			"faces": {
				"north": {"uv": [14, 1, 16, 2], "texture": "#side", "cullface": "west"},
				"east": {"uv": [0, 1, 2, 2], "texture": "#side", "cullface": "south"},
				"south": {"uv": [0, 1, 2, 2], "texture": "#side", "cullface": "south"},
				"west": {"uv": [14, 1, 16, 2], "texture": "#side", "cullface": "west"},
				"down": {"uv": [7, 0, 9, 2], "rotation": 90, "texture": "#side"}
			}
		}
	]
}