{
	"credit": "Made by Cr_L with Blockbench",
	"parent": "block/block",
	"ambientocclusion": false,
	"textures": {
		"end": "blocks/planks_jungle",
		"side": "quark:blocks/bookshelf_jungle",
		"particle": "blocks/planks_jungle"
	},
	"elements": [
		{
			"from": [0, 0, 0],
			"to": [16, 1, 16],
			"faces": {
				"north": {"uv": [0, 15, 16, 16], "texture": "#side", "cullface": "north"},
				"east": {"uv": [0, 15, 16, 16], "texture": "#side", "cullface": "east"},
				"south": {"uv": [0, 15, 16, 16], "texture": "#side", "cullface": "south"},
				"west": {"uv": [0, 15, 16, 16], "texture": "#side", "cullface": "west"},
				"up": {"uv": [0, 0, 16, 16], "texture": "#end"},
				"down": {"uv": [0, 0, 16, 16], "texture": "#end"}
			}
		},
		{
			"from": [0, 15, 0],
			"to": [16, 16, 16],
			"faces": {
				"north": {"uv": [0, 0, 16, 1], "texture": "#side", "cullface": "north"},
				"east": {"uv": [0, 0, 16, 1], "texture": "#side", "cullface": "east"},
				"south": {"uv": [0, 0, 16, 1], "texture": "#side", "cullface": "south"},
				"west": {"uv": [0, 0, 16, 1], "texture": "#side", "cullface": "west"},
				"up": {"uv": [0, 0, 16, 16], "texture": "#end"},
				"down": {"uv": [0, 0, 16, 16], "texture": "#end"}
			}
		},
		{
			"from": [0, 1, 0],
			"to": [1, 15, 1],
			"faces": {
				"north": {"uv": [15, 1, 16, 15], "texture": "#side", "cullface": "north"},
				"west": {"uv": [0, 1, 1, 15], "texture": "#side", "cullface": "west"}
			}
		},
		{
			"from": [15, 1, 0],
			"to": [16, 15, 1],
			"faces": {
				"north": {"uv": [0, 1, 1, 15], "texture": "#side", "cullface": "north"},
				"east": {"uv": [15, 1, 16, 15], "texture": "#side", "cullface": "east"}
			}
		},
		{
			"from": [0, 1, 15],
			"to": [1, 15, 16],
			"faces": {
				"south": {"uv": [0, 1, 1, 15], "texture": "#side", "cullface": "south"},
				"west": {"uv": [15, 1, 16, 15], "texture": "#side", "cullface": "west"}
			}
		},
		{
			"from": [15, 1, 15],
			"to": [16, 15, 16],
			"faces": {
				"east": {"uv": [0, 1, 1, 15], "texture": "#side", "cullface": "east"},
				"south": {"uv": [15, 1, 16, 15], "texture": "#side", "cullface": "south"}
			}
		},
		{
			"from": [4, 1, 4],
			"to": [12, 15, 12],
			"faces": {
				"north": {"uv": [4, 1, 12, 15], "texture": "#end", "cullface": "north"},
				"east": {"uv": [4, 1, 12, 15], "texture": "#end", "cullface": "east"},
				"south": {"uv": [4, 1, 12, 15], "texture": "#end", "cullface": "south"},
				"west": {"uv": [4, 1, 12, 15], "texture": "#end", "cullface": "west"}
			}
		},
		{
			"from": [-0.7, 1, 0.7],
			"to": [0.7, 15, 21.9],
			"rotation": {"angle": 45, "axis": "y", "origin": [0, 0, 0]},
			"faces": {
				"east": {"uv": [0, 1, 16, 15], "texture": "#end"},
				"west": {"uv": [0, 1, 16, 15], "texture": "#end"}
			}
		},
		{
			"from": [-10.6, 1, 10.6],
			"to": [10.6, 15, 12],
			"rotation": {"angle": 45, "axis": "y", "origin": [0, 0, 0]},
			"faces": {
				"north": {"uv": [0, 1, 16, 15], "texture": "#end"},
				"south": {"uv": [0, 1, 16, 15], "texture": "#end"}
			}
		},
		{
			"from": [0, 7, 0],
			"to": [16, 9, 16],
			"faces": {
				"north": {"uv": [0, 7, 16, 9], "texture": "#side", "cullface": "north"},
				"east": {"uv": [0, 7, 16, 9], "texture": "#side", "cullface": "east"},
				"south": {"uv": [0, 7, 16, 9], "texture": "#side", "cullface": "south"},
				"west": {"uv": [0, 7, 16, 9], "texture": "#side", "cullface": "west"},
				"up": {"uv": [0, 0, 16, 16], "texture": "#end"},
				"down": {"uv": [0, 0, 16, 16], "texture": "#end"}
			}
		},
		{
			"from": [6, 9, 0],
			"to": [7, 15, 4],
			"faces": {
				"north": {"uv": [9, 1, 10, 7], "texture": "#side", "cullface": "north"},
				"east": {"uv": [12, 1, 16, 7], "texture": "#end", "cullface": "north"},
				"west": {"uv": [0, 1, 4, 7], "texture": "#end", "cullface": "north"}
			}
		},
		{
			"from": [9, 1, 0],
			"to": [10, 7, 4],
			"faces": {
				"north": {"uv": [6, 9, 7, 15], "texture": "#side", "cullface": "north"},
				"east": {"uv": [12, 9, 16, 15], "texture": "#end", "cullface": "north"},
				"west": {"uv": [0, 9, 4, 15], "texture": "#end", "cullface": "north"}
			}
		},
		{
			"from": [7, 1, 0.5],
			"to": [9, 6, 4],
			"faces": {
				"north": {"uv": [7, 10, 9, 15], "texture": "#side", "cullface": "north"},
				"west": {"uv": [8, 10, 9, 15], "texture": "#side", "cullface": "north"},
				"up": {"uv": [7, 10, 9, 11], "rotation": 180, "texture": "#side", "cullface": "north"}
			}
		},
		{
			"from": [5, 1, 1],
			"to": [7, 5, 4],
			"faces": {
				"north": {"uv": [9, 11, 11, 15], "texture": "#side", "cullface": "north"},
				"west": {"uv": [10, 11, 11, 15], "texture": "#side", "cullface": "north"},
				"up": {"uv": [9, 11, 11, 12], "rotation": 180, "texture": "#side", "cullface": "north"}
			}
		},
		{
			"from": [3, 1, 1.5],
			"to": [5, 4, 4],
			"faces": {
				"north": {"uv": [11, 12, 13, 15], "texture": "#side", "cullface": "north"},
				"up": {"uv": [11, 12, 13, 13], "rotation": 180, "texture": "#side", "cullface": "north"}
			}
		},
		{
			"from": [1, 1, 0],
			"to": [3, 5, 2],
			"faces": {
				"north": {"uv": [13, 11, 15, 15], "texture": "#side", "cullface": "north"},
				"east": {"uv": [13, 11, 14, 15], "texture": "#side", "cullface": "north"},
				"up": {"uv": [13, 11, 15, 12], "rotation": 180, "texture": "#side", "cullface": "north"}
			}
		},
		{
			"from": [13, 1, 0],
			"to": [15, 6, 2],
			"faces": {
				"north": {"uv": [1, 10, 3, 15], "texture": "#side", "cullface": "north"},
				"west": {"uv": [2, 10, 3, 15], "texture": "#side", "cullface": "north"},
				"up": {"uv": [1, 10, 3, 11], "texture": "#side", "cullface": "north"}
			}
		},
		{
			"from": [8.5, 5.45, 0.5],
			"to": [10.5, 9.45, 3.5],
			"rotation": {"angle": -22.5, "axis": "z", "origin": [0, 0, 0]},
			"faces": {
				"north": {"uv": [3, 12, 5, 13], "texture": "#side", "cullface": "north"},
				"east": {"uv": [3, 12, 4, 14], "texture": "#side", "cullface": "north"},
				"west": {"uv": [4, 11, 5, 12], "texture": "#side", "cullface": "north"},
				"up": {"uv": [3, 11, 5, 12], "texture": "#side", "cullface": "north"},
				"down": {"uv": [4, 14, 6, 15], "texture": "#side", "cullface": "north"}
			}
		},
		{
			"from": [7, 9, 0],
			"to": [9, 14, 4],
			"faces": {
				"north": {"uv": [7, 2, 9, 7], "texture": "#side", "cullface": "north"},
				"east": {"uv": [7, 2, 8, 7], "texture": "#side", "cullface": "north"},
				"up": {"uv": [7, 2, 9, 3], "texture": "#side", "cullface": "north"}
			}
		},
		{
			"from": [9, 9, 0],
			"to": [12, 11, 4],
			"faces": {
				"north": {"uv": [4, 5, 7, 7], "texture": "#side", "cullface": "north"},
				"up": {"uv": [4, 5, 7, 6], "texture": "#side", "cullface": "north"}
			}
		},
		{
			"from": [10, 11, 1],
			"to": [14, 13, 3],
			"faces": {
				"north": {"uv": [2, 3, 6, 5], "texture": "#side", "cullface": "north"},
				"west": {"uv": [2, 3, 4, 5], "texture": "#side", "cullface": "north"},
				"up": {"uv": [2, 3, 6, 4], "rotation": 180, "texture": "#side", "cullface": "north"}
			}
		},
		{
			"from": [4, 9, 0],
			"to": [6, 13, 5],
			"faces": {
				"north": {"uv": [10, 3, 12, 7], "texture": "#side", "cullface": "north"},
				"west": {"uv": [11, 3, 12, 7], "texture": "#side", "cullface": "north"},
				"up": {"uv": [10, 3, 12, 4], "rotation": 180, "texture": "#side", "cullface": "north"}
			}
		},
		{
			"from": [5.5, 7.5, 0],
			"to": [7.5, 10.65, 3],
			"rotation": {"angle": 22.5, "axis": "z", "origin": [0, 0, 0]},
			"faces": {
				"north": {"uv": [12, 5, 14, 6], "texture": "#side", "cullface": "north"},
				"east": {"uv": [12, 5, 13, 6], "texture": "#side", "cullface": "north"},
				"west": {"uv": [14, 5, 15, 6], "texture": "#side", "cullface": "north"},
				"up": {"uv": [13, 4, 15, 5], "rotation": 180, "texture": "#side", "cullface": "north"},
				"down": {"uv": [12, 6, 14, 7], "texture": "#side"}
			}
		},
		{
			"from": [10, 11, 3],
			"to": [12, 13, 4],
			"faces": {
				"west": {"uv": [2, 3, 3, 5], "texture": "#side", "cullface": "north"},
				"up": {"uv": [3, 3, 5, 4], "texture": "#side", "cullface": "north"}
			}
		},
		{
			"from": [12, 9, 0],
			"to": [15, 11, 2],
			"faces": {
				"north": {"uv": [1, 5, 4, 7], "texture": "#side", "cullface": "north"},
				"up": {"uv": [3, 5, 4, 6], "texture": "#side", "cullface": "north"}
			}
		},
		{
			"from": [0, 9, 9],
			"to": [4, 15, 10],
			"faces": {
				"north": {"uv": [12, 1, 16, 7], "texture": "#end", "cullface": "west"},
				"south": {"uv": [0, 1, 4, 7], "texture": "#end", "cullface": "west"},
				"west": {"uv": [9, 1, 10, 7], "texture": "#side", "cullface": "west"}
			}
		},
		{
			"from": [0, 1, 6],
			"to": [4, 7, 7],
			"faces": {
				"north": {"uv": [12, 9, 16, 15], "texture": "#end", "cullface": "west"},
				"south": {"uv": [0, 9, 4, 15], "texture": "#end", "cullface": "west"},
				"west": {"uv": [6, 9, 7, 15], "texture": "#side", "cullface": "west"}
			}
		},
		{
			"from": [0.5, 1, 7],
			"to": [4, 6, 9],
			"faces": {
				"south": {"uv": [8, 10, 9, 15], "texture": "#side", "cullface": "west"},
				"west": {"uv": [7, 10, 9, 15], "texture": "#side", "cullface": "west"},
				"up": {"uv": [7, 10, 9, 11], "rotation": 90, "texture": "#side", "cullface": "west"}
			}
		},
		{
			"from": [1, 1, 9],
			"to": [4, 5, 11],
			"faces": {
				"south": {"uv": [10, 11, 11, 15], "texture": "#side", "cullface": "west"},
				"west": {"uv": [9, 11, 11, 15], "texture": "#side", "cullface": "west"},
				"up": {"uv": [9, 11, 11, 12], "rotation": 90, "texture": "#side", "cullface": "west"}
			}
		},
		{
			"from": [1.5, 1, 11],
			"to": [4, 4, 13],
			"faces": {
				"west": {"uv": [11, 12, 13, 15], "texture": "#side", "cullface": "west"},
				"up": {"uv": [11, 12, 13, 13], "rotation": 90, "texture": "#side", "cullface": "west"}
			}
		},
		{
			"from": [0, 1, 13],
			"to": [2, 5, 15],
			"faces": {
				"north": {"uv": [13, 11, 14, 15], "texture": "#side", "cullface": "west"},
				"west": {"uv": [13, 11, 15, 15], "texture": "#side", "cullface": "west"},
				"up": {"uv": [13, 11, 15, 12], "rotation": 90, "texture": "#side", "cullface": "west"}
			}
		},
		{
			"from": [0, 1, 1],
			"to": [2, 6, 3],
			"faces": {
				"south": {"uv": [2, 10, 3, 15], "texture": "#side", "cullface": "west"},
				"west": {"uv": [1, 10, 3, 15], "texture": "#side", "cullface": "west"},
				"up": {"uv": [1, 10, 3, 11], "rotation": 270, "texture": "#side", "cullface": "west"}
			}
		},
		{
			"from": [0, 9, 7],
			"to": [4, 14, 9],
			"faces": {
				"north": {"uv": [7, 2, 8, 7], "texture": "#side", "cullface": "west"},
				"west": {"uv": [7, 2, 9, 7], "texture": "#side", "cullface": "west"},
				"up": {"uv": [7, 2, 9, 3], "rotation": 270, "texture": "#side", "cullface": "west"}
			}
		},
		{
			"from": [0, 9, 4],
			"to": [4, 11, 7],
			"faces": {
				"west": {"uv": [4, 5, 7, 7], "texture": "#side", "cullface": "west"},
				"up": {"uv": [4, 5, 7, 6], "rotation": 270, "texture": "#side", "cullface": "west"}
			}
		},
		{
			"from": [1, 11, 2],
			"to": [3, 13, 6],
			"faces": {
				"south": {"uv": [2, 3, 4, 5], "texture": "#side", "cullface": "west"},
				"west": {"uv": [2, 3, 6, 5], "texture": "#side", "cullface": "west"},
				"up": {"uv": [2, 3, 6, 4], "rotation": 90, "texture": "#side", "cullface": "west"}
			}
		},
		{
			"from": [3, 11, 4],
			"to": [4, 13, 6],
			"faces": {
				"south": {"uv": [2, 3, 3, 5], "texture": "#side", "cullface": "west"},
				"up": {"uv": [3, 3, 5, 4], "rotation": 270, "texture": "#side", "cullface": "west"}
			}
		},
		{
			"from": [0, 9, 1],
			"to": [2, 11, 4],
			"faces": {
				"west": {"uv": [1, 5, 4, 7], "texture": "#side", "cullface": "west"},
				"up": {"uv": [3, 5, 4, 6], "rotation": 270, "texture": "#side", "cullface": "west"}
			}
		},
		{
			"from": [0, 9, 10],
			"to": [5, 13, 12],
			"faces": {
				"south": {"uv": [11, 3, 12, 7], "texture": "#side", "cullface": "west"},
				"west": {"uv": [10, 3, 12, 7], "texture": "#side", "cullface": "west"},
				"up": {"uv": [10, 3, 12, 4], "rotation": 90, "texture": "#side", "cullface": "west"}
			}
		},
		{
			"from": [0, 13.5, 7.3],
			"to": [3, 16.65, 9.3],
			"rotation": {"angle": 22.5, "axis": "x", "origin": [0, 0, 0]},
			"faces": {
				"north": {"uv": [12, 5, 13, 6], "texture": "#side", "cullface": "west"},
				"south": {"uv": [14, 5, 15, 6], "texture": "#side", "cullface": "west"},
				"west": {"uv": [12, 5, 14, 6], "texture": "#side", "cullface": "west"},
				"up": {"uv": [13, 4, 15, 5], "rotation": 90, "texture": "#side", "cullface": "west"},
				"down": {"uv": [12, 6, 14, 7], "rotation": 90, "texture": "#side", "cullface": "west"}
			}
		},
		{
			"from": [0.5, -0.75, 4.3],
			"to": [3.5, 3.25, 6.3],
			"rotation": {"angle": -22.5, "axis": "x", "origin": [0, 0, 0]},
			"faces": {
				"north": {"uv": [3, 12, 4, 14], "texture": "#side", "cullface": "west"},
				"south": {"uv": [4, 11, 5, 12], "texture": "#side", "cullface": "west"},
				"west": {"uv": [3, 12, 5, 13], "texture": "#side", "cullface": "west"},
				"up": {"uv": [3, 11, 5, 12], "rotation": 270, "texture": "#side", "cullface": "west"},
				"down": {"uv": [4, 14, 6, 15], "rotation": 90, "texture": "#side", "cullface": "west"}
			}
		},
		{
			"from": [9, 9, 12],
			"to": [10, 15, 16],
			"faces": {
				"east": {"uv": [0, 1, 4, 7], "texture": "#end", "cullface": "south"},
				"south": {"uv": [9, 1, 10, 7], "texture": "#side", "cullface": "south"},
				"west": {"uv": [12, 1, 16, 7], "texture": "#end", "cullface": "south"}
			}
		},
		{
			"from": [6, 1, 12],
			"to": [7, 7, 16],
			"faces": {
				"east": {"uv": [0, 9, 4, 15], "texture": "#end", "cullface": "south"},
				"south": {"uv": [6, 9, 7, 15], "texture": "#side", "cullface": "south"},
				"west": {"uv": [12, 9, 16, 15], "texture": "#end", "cullface": "south"}
			}
		},
		{
			"from": [7, 1, 12],
			"to": [9, 6, 15.5],
			"faces": {
				"east": {"uv": [8, 10, 9, 15], "texture": "#side", "cullface": "south"},
				"south": {"uv": [7, 10, 9, 15], "texture": "#side", "cullface": "south"},
				"up": {"uv": [7, 10, 9, 11], "texture": "#side", "cullface": "south"}
			}
		},
		{
			"from": [9, 1, 12],
			"to": [11, 5, 15],
			"faces": {
				"east": {"uv": [10, 11, 11, 15], "texture": "#side", "cullface": "south"},
				"south": {"uv": [9, 11, 11, 15], "texture": "#side", "cullface": "south"},
				"up": {"uv": [9, 11, 11, 12], "texture": "#side", "cullface": "south"}
			}
		},
		{
			"from": [11, 1, 12],
			"to": [13, 4, 14.5],
			"faces": {
				"south": {"uv": [11, 12, 13, 15], "texture": "#side", "cullface": "south"},
				"up": {"uv": [11, 12, 13, 13], "texture": "#side", "cullface": "south"}
			}
		},
		{
			"from": [13, 1, 14],
			"to": [15, 5, 16],
			"faces": {
				"south": {"uv": [13, 11, 15, 15], "texture": "#side", "cullface": "south"},
				"west": {"uv": [13, 11, 14, 15], "texture": "#side", "cullface": "south"},
				"up": {"uv": [13, 11, 15, 12], "texture": "#side", "cullface": "south"}
			}
		},
		{
			"from": [1, 1, 14],
			"to": [3, 6, 16],
			"faces": {
				"east": {"uv": [2, 10, 3, 15], "texture": "#side", "cullface": "south"},
				"south": {"uv": [1, 10, 3, 15], "texture": "#side", "cullface": "south"},
				"up": {"uv": [1, 10, 3, 11], "rotation": 180, "texture": "#side", "cullface": "south"}
			}
		},
		{
			"from": [7, 9, 12],
			"to": [9, 14, 16],
			"faces": {
				"south": {"uv": [7, 2, 9, 7], "texture": "#side", "cullface": "south"},
				"west": {"uv": [7, 2, 8, 7], "texture": "#side", "cullface": "south"},
				"up": {"uv": [7, 2, 9, 3], "rotation": 180, "texture": "#side", "cullface": "south"}
			}
		},
		{
			"from": [4, 9, 12],
			"to": [7, 11, 16],
			"faces": {
				"south": {"uv": [4, 5, 7, 7], "texture": "#side", "cullface": "south"},
				"up": {"uv": [4, 5, 7, 6], "rotation": 180, "texture": "#side", "cullface": "south"}
			}
		},
		{
			"from": [2, 11, 13],
			"to": [6, 13, 15],
			"faces": {
				"east": {"uv": [2, 3, 4, 5], "texture": "#side", "cullface": "south"},
				"south": {"uv": [2, 3, 6, 5], "texture": "#side", "cullface": "south"},
				"up": {"uv": [2, 3, 6, 4], "texture": "#side", "cullface": "south"}
			}
		},
		{
			"from": [4, 11, 12],
			"to": [6, 13, 13],
			"faces": {
				"east": {"uv": [2, 3, 3, 5], "texture": "#side", "cullface": "south"},
				"up": {"uv": [3, 3, 5, 4], "rotation": 180, "texture": "#side", "cullface": "south"}
			}
		},
		{
			"from": [1, 9, 14],
			"to": [4, 11, 16],
			"faces": {
				"south": {"uv": [1, 5, 4, 7], "texture": "#side", "cullface": "south"},
				"up": {"uv": [3, 5, 4, 6], "rotation": 180, "texture": "#side", "cullface": "south"}
			}
		},
		{
			"from": [10, 9, 11],
			"to": [12, 13, 16],
			"faces": {
				"east": {"uv": [11, 3, 12, 7], "texture": "#side", "cullface": "south"},
				"south": {"uv": [10, 3, 12, 7], "texture": "#side", "cullface": "south"},
				"up": {"uv": [10, 3, 12, 4], "texture": "#side", "cullface": "south"}
			}
		},
		{
			"from": [7.3, 13.5, 13],
			"to": [9.3, 16.65, 16],
			"rotation": {"angle": -22.5, "axis": "z", "origin": [0, 0, 0]},
			"faces": {
				"east": {"uv": [14, 5, 15, 6], "texture": "#side", "cullface": "south"},
				"south": {"uv": [12, 5, 14, 6], "texture": "#side", "cullface": "south"},
				"west": {"uv": [12, 5, 13, 6], "texture": "#side", "cullface": "south"},
				"up": {"uv": [13, 4, 15, 5], "texture": "#side", "cullface": "south"},
				"down": {"uv": [12, 6, 14, 7], "rotation": 180, "texture": "#side", "cullface": "south"}
			}
		},
		{
			"from": [4.3, -0.75, 12.5],
			"to": [6.3, 3.25, 15.5],
			"rotation": {"angle": 22.5, "axis": "z", "origin": [0, 0, 0]},
			"faces": {
				"east": {"uv": [4, 11, 5, 12], "texture": "#side", "cullface": "south"},
				"south": {"uv": [3, 12, 5, 13], "texture": "#side", "cullface": "south"},
				"west": {"uv": [3, 12, 4, 14], "texture": "#side", "cullface": "south"},
				"up": {"uv": [3, 11, 5, 12], "rotation": 180, "texture": "#side", "cullface": "south"},
				"down": {"uv": [4, 14, 6, 15], "rotation": 180, "texture": "#side", "cullface": "south"}
			}
		},
		{
			"from": [12, 9, 6],
			"to": [16, 15, 7],
			"faces": {
				"north": {"uv": [0, 1, 4, 7], "texture": "#end", "cullface": "east"},
				"east": {"uv": [9, 1, 10, 7], "texture": "#side", "cullface": "east"},
				"south": {"uv": [12, 1, 16, 7], "texture": "#end", "cullface": "east"}
			}
		},
		{
			"from": [12, 1, 9],
			"to": [16, 7, 10],
			"faces": {
				"north": {"uv": [0, 9, 4, 15], "texture": "#end", "cullface": "east"},
				"east": {"uv": [6, 9, 7, 15], "texture": "#side", "cullface": "east"},
				"south": {"uv": [12, 9, 16, 15], "texture": "#end", "cullface": "east"}
			}
		},
		{
			"from": [12, 1, 7],
			"to": [15.5, 6, 9],
			"faces": {
				"north": {"uv": [8, 10, 9, 15], "texture": "#side", "cullface": "east"},
				"east": {"uv": [7, 10, 9, 15], "texture": "#side", "cullface": "east"},
				"up": {"uv": [7, 10, 9, 11], "rotation": 270, "texture": "#side", "cullface": "east"}
			}
		},
		{
			"from": [12, 1, 5],
			"to": [15, 5, 7],
			"faces": {
				"north": {"uv": [10, 11, 11, 15], "texture": "#side", "cullface": "east"},
				"east": {"uv": [9, 11, 11, 15], "texture": "#side", "cullface": "east"},
				"up": {"uv": [9, 11, 11, 12], "rotation": 270, "texture": "#side", "cullface": "east"}
			}
		},
		{
			"from": [12, 1, 3],
			"to": [14.5, 4, 5],
			"faces": {
				"east": {"uv": [11, 12, 13, 15], "texture": "#side", "cullface": "east"},
				"up": {"uv": [11, 12, 13, 13], "rotation": 270, "texture": "#side", "cullface": "east"}
			}
		},
		{
			"from": [14, 1, 1],
			"to": [16, 5, 3],
			"faces": {
				"east": {"uv": [13, 11, 15, 15], "texture": "#side", "cullface": "east"},
				"south": {"uv": [13, 11, 14, 15], "texture": "#side", "cullface": "east"},
				"up": {"uv": [13, 11, 15, 12], "rotation": 270, "texture": "#side", "cullface": "east"}
			}
		},
		{
			"from": [14, 1, 13],
			"to": [16, 6, 15],
			"faces": {
				"north": {"uv": [2, 10, 3, 15], "texture": "#side", "cullface": "east"},
				"east": {"uv": [1, 10, 3, 15], "texture": "#side", "cullface": "east"},
				"up": {"uv": [1, 10, 3, 11], "rotation": 90, "texture": "#side", "cullface": "east"}
			}
		},
		{
			"from": [12, 9, 7],
			"to": [16, 14, 9],
			"faces": {
				"east": {"uv": [7, 2, 9, 7], "texture": "#side", "cullface": "east"},
				"south": {"uv": [7, 2, 8, 7], "texture": "#side", "cullface": "east"},
				"up": {"uv": [7, 2, 9, 3], "rotation": 90, "texture": "#side", "cullface": "east"}
			}
		},
		{
			"from": [12, 9, 9],
			"to": [16, 11, 12],
			"faces": {
				"east": {"uv": [4, 5, 7, 7], "texture": "#side", "cullface": "east"},
				"up": {"uv": [4, 5, 7, 6], "rotation": 90, "texture": "#side", "cullface": "east"}
			}
		},
		{
			"from": [13, 11, 10],
			"to": [15, 13, 14],
			"faces": {
				"north": {"uv": [2, 3, 4, 5], "texture": "#side", "cullface": "east"},
				"east": {"uv": [2, 3, 6, 5], "texture": "#side", "cullface": "east"},
				"up": {"uv": [2, 3, 6, 4], "rotation": 270, "texture": "#side", "cullface": "east"}
			}
		},
		{
			"from": [12, 11, 10],
			"to": [13, 13, 12],
			"faces": {
				"north": {"uv": [2, 3, 3, 5], "texture": "#side", "cullface": "east"},
				"up": {"uv": [3, 3, 5, 4], "rotation": 90, "texture": "#side", "cullface": "east"}
			}
		},
		{
			"from": [14, 9, 12],
			"to": [16, 11, 15],
			"faces": {
				"east": {"uv": [1, 5, 4, 7], "texture": "#side", "cullface": "east"},
				"up": {"uv": [3, 5, 4, 6], "rotation": 90, "texture": "#side", "cullface": "east"}
			}
		},
		{
			"from": [11, 9, 4],
			"to": [16, 13, 6],
			"faces": {
				"north": {"uv": [11, 3, 12, 7], "texture": "#side", "cullface": "east"},
				"east": {"uv": [10, 3, 12, 7], "texture": "#side", "cullface": "east"},
				"up": {"uv": [10, 3, 12, 4], "rotation": 270, "texture": "#side", "cullface": "east"}
			}
		},
		{
			"from": [13, 7.4, 5.5],
			"to": [16, 10.55, 7.5],
			"rotation": {"angle": -22.5, "axis": "x", "origin": [0, 0, 0]},
			"faces": {
				"north": {"uv": [14, 5, 15, 6], "texture": "#side", "cullface": "east"},
				"east": {"uv": [12, 5, 14, 6], "texture": "#side", "cullface": "east"},
				"south": {"uv": [12, 5, 13, 6], "texture": "#side", "cullface": "east"},
				"up": {"uv": [13, 4, 15, 5], "rotation": 270, "texture": "#side", "cullface": "east"},
				"down": {"uv": [12, 6, 14, 7], "rotation": 270, "texture": "#side", "cullface": "east"}
			}
		},
		{
			"from": [12.5, 5.45, 8.5],
			"to": [15.5, 9.45, 10.5],
			"rotation": {"angle": 22.5, "axis": "x", "origin": [0, 0, 0]},
			"faces": {
				"north": {"uv": [4, 11, 5, 12], "texture": "#side", "cullface": "east"},
				"east": {"uv": [3, 12, 5, 13], "texture": "#side", "cullface": "east"},
				"south": {"uv": [3, 12, 4, 14], "texture": "#side", "cullface": "east"},
				"up": {"uv": [3, 11, 5, 12], "rotation": 90, "texture": "#side", "cullface": "east"},
				"down": {"uv": [4, 14, 6, 15], "rotation": 270, "texture": "#side", "cullface": "east"}
			}
		}
	]
}